Country export,Count, Value,Percent
China,1657,32977046000,20.589639706345206
France,919,18614332000,11.622095843705717
USA,1464,18355306000,11.460369653477041
South Korea,1134,14621146000,9.12889918138424
Russia,766,13223000000,8.255948875378428
Japan,1257,11948976000,7.460495724807065
Germany,1295,11343233000,7.082292348900058
Canada,603,10684000000,6.67069180855654
